{
	"default": {
		"css-selector": "sapFAvatarColorAccent@{accentIndex}",
		"color-param": "sapUiAccent@{accentIndex}",
		"_sap_f_Card_ContentPadding": "1rem",
		"_sap_f_Card_HeaderIconColor": "#6a6d70",
		"_sap_f_Card_HeaderBorderBottom": "1px solid #153256",
		"_sap_f_Card_HeaderHoverColor": "#275da0",
		"_sap_f_Card_HeaderActiveColor": "#265b9c",
		"_sap_f_ShellBar_PaddingDesktop": "3rem",
		"_sap_f_ShellBar_PaddingTablet": "2rem",
		"_sap_f_ShellBar_PaddingPhone": "1rem",
		"_sap_f_ShellBar_ChildMargin": "4",
		"_sap_f_ShellBar_CoPilotWidth": "48",
		"_sap_f_ShellBar_PrimaryTitle_FontSize": ".875rem",
		"_sap_f_ShellBar_SecondTitle_FontSize": ".75rem",
		"_sap_f_Avatar_Color": "#fff",
		"_sap_f_FlexibleColumnLayout_ButtonBackground": "#1c5b9c",
		"_sap_f_FlexibleColumnLayout_ButtonHoverBackground": "#184f86"
	},
	"scopes": {
		"sapContrast": {
			"_sap_f_Card_HeaderBorderBottom": "1px solid #171d23",
			"_sap_f_Card_HeaderHoverColor": "#3b4c5b",
			"_sap_f_Card_HeaderActiveColor": "#394958",
			"_sap_f_FlexibleColumnLayout_ButtonBackground": "#45596a",
			"_sap_f_FlexibleColumnLayout_ButtonHoverBackground": "#4f667a"
		}
	}
}