{
	"default": {
		"_sap_ui_commons_Button_Height": "18px",
		"_sap_ui_commons_Dialog_HeaderHeight": "40px",
		"_sap_ui_commons_Dialog_FooterHeight": "44px",
		"_sap_ui_commons_ListBox_BorderRadius": "0",
		"_sap_ui_commons_Panel_BorderRadius": "0",
		"_sap_ui_commons_RatingIndicator_SymbolSelected": "url(\"../../../../../../UI5/sap/ui/commons/themes/sap_belize/img/rating/star_selected.png\")",
		"_sap_ui_commons_RatingIndicator_SymbolUnselected": "url(\"../../../../../../UI5/sap/ui/commons/themes/sap_belize/img/rating/star_unselected.png\")",
		"_sap_ui_commons_RatingIndicator_SymbolHovered": "url(\"../../../../../../UI5/sap/ui/commons/themes/sap_belize/img/rating/star_hover.png\")",
		"_sap_ui_commons_TextField_Height": "16px",
		"_sap_ui_commons_TabStrip_BorderRadius": "0"
	},
	"scopes": {
		"sapContrast": {}
	}
}