{
	"default": {
		"_sap_ui_layout_ColumnLayout_formColumnMaxXL": "4",
		"_sap_ui_layout_ColumnLayout_formColumnMaxL": "3",
		"_sap_ui_layout_ColumnLayout_formColumnMaxM": "2",
		"_sap_ui_layout_ColumnLayout_formColumnMaxS": "1",
		"_sap_ui_layout_ColumnLayout_formColumnElementCols": "12",
		"_sap_ui_layout_ColumnLayout_formColumnElementOneCol": "8.33333333%",
		"_sap_ui_layout_Form_FormContainerExpImageURL": "url(\"sap-icon://expand-group\")",
		"_sap_ui_layout_Form_FormContainerColImageURL": "url(\"sap-icon://collapse-group\")",
		"_sap_ui_layout_FormLayout_FormTitleSize": "H4",
		"_sap_ui_layout_FormLayout_FormSubTitleSize": "H5",
		"_sap_ui_layout_Grid_RespGridCols": "12",
		"_sap_ui_layout_Grid_RespGridCols-1": "11",
		"_sap_ui_layout_Grid_RespGridOneCol": "8.33333333%",
		"_sap_ui_layout_Grid_RespGridMediaPhone": "sapUiRespGridMedia-Std-Phone",
		"_sap_ui_layout_Grid_RespGridMediaTablet": "sapUiRespGridMedia-Std-Tablet",
		"_sap_ui_layout_Grid_RespGridMediaDesktop": "sapUiRespGridMedia-Std-Desktop",
		"_sap_ui_layout_Grid_RespGridMediaXL": "sapUiRespGridMedia-Std-LargeDesktop",
		"_sap_ui_layout_Grid_RespGridMediaPhoneSize": "320px",
		"_sap_ui_layout_Grid_RespGridMediaTabletSize": "600px",
		"_sap_ui_layout_Grid_RespGridMediaDesktopSize": "1024px",
		"_sap_ui_layout_Grid_RespGridMediaXLSize": "1440px",
		"_sap_ui_layout_Grid_RespGridPxInRem": "16",
		"_sap_ui_layout_Grid_RespGridVisible": "sapUiRespGridVisible",
		"_sap_ui_layout_Grid_RespGridHidden": "sapUiRespGridHidden",
		"_sap_ui_layout_ResponsiveSplitter_PaginatorHeight": "2.5rem",
		"_sap_ui_layout_ResponsiveSplitter_PaginatorButtonWidth": "2.5rem",
		"_sap_ui_layout_ResponsiveSplitter_PaginatorButtonHeight": "2.375rem",
		"_sap_ui_layout_ResponsiveSplitter_PaginatorButtonFocusWidth": "2.125rem",
		"_sap_ui_layout_ResponsiveSplitter_PaginatorButtonFocusHeight": "2.125rem",
		"_sap_ui_layout_BlockLayoutCell_background": "transparent",
		"_sap_ui_layout_BlockLayout_FontSizeLandXL": "1.625rem",
		"_sap_ui_layout_ResponsiveSplitter_PaginatorButtonColor": "#b2b2b2",
		"_sap_ui_layout_ResponsiveSplitter_CircleColor": "#244778",
		"_sap_ui_layout_ResponsiveSplitter_CircleBorderColor": "#0c1829",
		"_sap_ui_layout_Splitter_BarColor": "#1a3459",
		"_sap_ui_layout_Splitter_BarHoverColor": "#0f1d31",
		"_sap_ui_layout_BlockLayout_BlockColorAccentType1A": "#996b00",
		"_sap_ui_layout_BlockLayout_BlockColorAccentType1B": "#845d00",
		"_sap_ui_layout_BlockLayout_BlockColorAccentType1C": "#704e00",
		"_sap_ui_layout_BlockLayout_BlockColorAccentType1D": "#5b4000",
		"_sap_ui_layout_BlockLayout_BlockColorAccentType2A": "#ac480a",
		"_sap_ui_layout_BlockLayout_BlockColorAccentType2B": "#994009",
		"_sap_ui_layout_BlockLayout_BlockColorAccentType2C": "#853808",
		"_sap_ui_layout_BlockLayout_BlockColorAccentType2D": "#723006",
		"_sap_ui_layout_BlockLayout_BlockColorAccentType3A": "#903030",
		"_sap_ui_layout_BlockLayout_BlockColorAccentType3B": "#802b2b",
		"_sap_ui_layout_BlockLayout_BlockColorAccentType3C": "#712626",
		"_sap_ui_layout_BlockLayout_BlockColorAccentType3D": "#622121",
		"_sap_ui_layout_BlockLayout_BlockColorAccentType4A": "#961d7c",
		"_sap_ui_layout_BlockLayout_BlockColorAccentType4B": "#80196a",
		"_sap_ui_layout_BlockLayout_BlockColorAccentType4C": "#6b1559",
		"_sap_ui_layout_BlockLayout_BlockColorAccentType4D": "#551047",
		"_sap_ui_layout_BlockLayout_BlockColorAccentType5A": "#4974bc",
		"_sap_ui_layout_BlockLayout_BlockColorAccentType5B": "#3f68ac",
		"_sap_ui_layout_BlockLayout_BlockColorAccentType5C": "#3b61a1",
		"_sap_ui_layout_BlockLayout_BlockColorAccentType5D": "#365892",
		"_sap_ui_layout_BlockLayout_BlockColorAccentType6A": "#007db2",
		"_sap_ui_layout_BlockLayout_BlockColorAccentType6B": "#006e9e",
		"_sap_ui_layout_BlockLayout_BlockColorAccentType6C": "#00608a",
		"_sap_ui_layout_BlockLayout_BlockColorAccentType6D": "#00597f",
		"_sap_ui_layout_BlockLayout_BlockColorAccentType7A": "#168282",
		"_sap_ui_layout_BlockLayout_BlockColorAccentType7B": "#137171",
		"_sap_ui_layout_BlockLayout_BlockColorAccentType7C": "#116464",
		"_sap_ui_layout_BlockLayout_BlockColorAccentType7D": "#0e5252",
		"_sap_ui_layout_BlockLayout_BlockColorAccentType8A": "#5b731a",
		"_sap_ui_layout_BlockLayout_BlockColorAccentType8B": "#4d6216",
		"_sap_ui_layout_BlockLayout_BlockColorAccentType8C": "#405112",
		"_sap_ui_layout_BlockLayout_BlockColorAccentType8D": "#33410e",
		"_sap_ui_layout_BlockLayout_BlockColorAccentType9A": "#29538c",
		"_sap_ui_layout_BlockLayout_BlockColorAccentType9B": "#274e84",
		"_sap_ui_layout_BlockLayout_BlockColorAccentType9C": "#244a7c",
		"_sap_ui_layout_BlockLayout_BlockColorAccentType9D": "#224574",
		"_sap_ui_layout_BlockLayout_BlockColorAccentType10A": "#20406c",
		"_sap_ui_layout_BlockLayout_BlockColorAccentType10B": "#1d3c65",
		"_sap_ui_layout_BlockLayout_BlockColorAccentType10C": "#1b375d",
		"_sap_ui_layout_BlockLayout_BlockColorAccentType10D": "#193255",
		"_sap_ui_layout_BlockLayout_BlockColorAccentType11A": "#032777",
		"_sap_ui_layout_BlockLayout_BlockColorAccentType11B": "#021c54",
		"_sap_ui_layout_BlockLayout_BlockColorAccentType11C": "#021745",
		"_sap_ui_layout_BlockLayout_BlockColorAccentType11D": "#011031",
		"css-param": "\"1A\"",
		"css-selector": "sapUiBlockLayoutCellColor1A",
		"color-param": "\"_sap_ui_layout_BlockLayout_BlockColorAccentType1A\""
	},
	"scopes": {
		"sapContrast": {
			"_sap_ui_layout_BlockLayoutCell_background": "#3f5161",
			"_sap_ui_layout_ResponsiveSplitter_PaginatorButtonColor": "#7e96ac",
			"_sap_ui_layout_ResponsiveSplitter_CircleColor": "#495e70",
			"_sap_ui_layout_ResponsiveSplitter_CircleBorderColor": "#7891a7",
			"_sap_ui_layout_Splitter_BarColor": "#69859d",
			"_sap_ui_layout_Splitter_BarHoverColor": "#889eb1",
			"_sap_ui_layout_BlockLayout_BlockColorAccentType9A": "#3f5161",
			"_sap_ui_layout_BlockLayout_BlockColorAccentType9B": "#3b4c5b",
			"_sap_ui_layout_BlockLayout_BlockColorAccentType9C": "#374755",
			"_sap_ui_layout_BlockLayout_BlockColorAccentType9D": "#33424e",
			"_sap_ui_layout_BlockLayout_BlockColorAccentType10A": "#2f3c48",
			"_sap_ui_layout_BlockLayout_BlockColorAccentType10B": "#2b3742",
			"_sap_ui_layout_BlockLayout_BlockColorAccentType10C": "#27323c",
			"_sap_ui_layout_BlockLayout_BlockColorAccentType10D": "#232d36",
			"_sap_ui_layout_BlockLayout_BlockColorAccentType11A": "#3f5161",
			"_sap_ui_layout_BlockLayout_BlockColorAccentType11B": "#313f4b",
			"_sap_ui_layout_BlockLayout_BlockColorAccentType11C": "#2b3742",
			"_sap_ui_layout_BlockLayout_BlockColorAccentType11D": "#232d36"
		}
	}
}