{
	"default": {
		"_sap_ui_table_BaseSize": "2rem",
		"_sap_ui_table_BaseSizeCozy": "3rem",
		"_sap_ui_table_BaseSizeCompact": "2rem",
		"_sap_ui_table_BaseSizeCondensed": "1.5rem",
		"_sap_ui_table_BaseBorderWidth": ".0625rem",
		"_sap_ui_table_ColumnHeaderHeight": "2rem",
		"_sap_ui_table_ColumnHeaderHeightCozy": "3rem",
		"_sap_ui_table_RowHeight": "calc(2rem + .0625rem)",
		"_sap_ui_table_RowHeightCozy": "calc(3rem + .0625rem)",
		"_sap_ui_table_RowHeightCondensed": "calc(1.5rem + .0625rem)",
		"_sap_ui_table_RowHighlightWidth": "6px",
		"_sap_ui_table_RowSelectorWidth": "2rem",
		"_sap_ui_table_RowSelectorWidthCozy": "3rem",
		"_sap_ui_table_RowSelectorWidthCondensed": "2rem",
		"_sap_ui_table_RowActionItemSize": "calc(2rem - 0.375rem)",
		"_sap_ui_table_RowActionItemSizeCozy": "calc(3rem - 0.5rem)",
		"_sap_ui_table_RowActionItemSizeCondensed": "calc(1.5rem - 0.125rem)",
		"_sap_ui_table_RowActionPadding": "0.25rem",
		"_sap_ui_table_RowActionColumnWidth": "calc(2 * calc(2rem - .375rem) + 2 * .25rem + 2 * .0625rem)",
		"_sap_ui_table_RowActionColumnWidthCozy": "calc(2 * calc(3rem - .5rem) + 2 * .25rem + 2 * .0625rem)",
		"_sap_ui_table_RowActionColumnWidthCondensed": "calc(2 * calc(1.5rem - .125rem) + 2 * .25rem + 2 * .0625rem)",
		"_sap_ui_table_RowActionColumnSmallWidth": "calc(calc(2rem - .375rem) + 2 * .25rem + 2 * .0625rem)",
		"_sap_ui_table_RowActionColumnSmallWidthCozy": "calc(calc(3rem - .5rem) + 2 * .25rem + 2 * .0625rem)",
		"_sap_ui_table_RowActionColumnSmallWidthCondensed": "calc(calc(1.5rem - .125rem) + 2 * .25rem + 2 * .0625rem)",
		"_sap_ui_table_NavigationIcon": "navigation-right-arrow",
		"_sap_ui_table_DeleteIcon": "sys-cancel",
		"_sap_ui_table_ResetIcon": "undo",
		"_sap_ui_table_FocusOutlineWidth": "1px",
		"_sap_ui_table_RowHeightForIECalc": "( 2rem + .0625rem )",
		"_sap_ui_table_RowHeightCozyForIECalc": "( 3rem + .0625rem )",
		"_sap_ui_table_RowHeightCondensedForIECalc": "( 1.5rem + .0625rem )",
		"_sap_ui_table_RowActionItemSizeForIECalc": "( 2rem - 0.375rem )",
		"_sap_ui_table_RowActionItemSizeCozyForIECalc": "( 3rem - 0.5rem )",
		"_sap_ui_table_RowActionItemSizeCondensedForIECalc": "( 1.5rem - 0.125rem )",
		"_sap_ui_table_RowActionColumnWidthForIECalc": "(2 * ( 2rem - .375rem ) + 2 * .25rem + 2 * .0625rem )",
		"_sap_ui_table_RowActionColumnWidthCozyForIECalc": "(2 * ( 3rem - .5rem ) + 2 * .25rem + 2 * .0625rem )",
		"_sap_ui_table_RowActionColumnWidthCondensedForIECalc": "(2 * ( 1.5rem - .125rem ) + 2 * .25rem + 2 * .0625rem )",
		"_sap_ui_table_RowActionColumnSmallWidthForIECalc": "( ( 2rem - .375rem ) + 2 * .25rem + 2 * .0625rem )",
		"_sap_ui_table_RowActionColumnSmallWidthCozyForIECalc": "( ( 3rem - .5rem ) + 2 * .25rem + 2 * .0625rem )",
		"_sap_ui_table_RowActionColumnSmallWidthCondensedForIECalc": "( ( 1.5rem - .125rem ) + 2 * .25rem + 2 * .0625rem )",
		"_sap_ui_table_Table_HeaderHeight": "3rem",
		"_sap_ui_table_Table_HeaderPaddingLeft": "1rem",
		"_sap_ui_table_Table_HeaderPaddingRight": "1rem",
		"_sap_ui_table_Table_FooterHeight": "3rem",
		"_sap_ui_table_Table_FooterPaddingLeft": "1rem",
		"_sap_ui_table_Table_FooterPaddingRight": "1rem",
		"_sap_ui_table_Table_TableHeaderBorderWidth": ".0625rem",
		"_sap_ui_table_Table_TableHeaderBorderColor": "#1e448a",
		"_sap_ui_table_Row_Color": "#fff",
		"_sap_ui_table_Row_ColorHovered": "#fff",
		"_sap_ui_table_Cell_FocusOutlineOffset": "-1px",
		"_sap_ui_table_Cell_FocusOutlineOffsetInZoomedChrome": "-2px",
		"_sap_ui_table_Cell_Padding": "0 0.5rem",
		"_sap_ui_table_Cell_TouchMenuIconSize": "1.375rem",
		"_sap_ui_table_Cell_ColumnIconSize": "0.75rem",
		"_sap_ui_table_RowHighlight_SuccessColor": "#51e151",
		"_sap_ui_table_RowHighlight_ErrorColor": "#e00",
		"_sap_ui_table_RowHighlight_WarningColor": "#f6a241",
		"_sap_ui_table_RowHighlight_InformationColor": "#427cac",
		"_sap_ui_table_RowHighlight_Indication01Color": "#880000",
		"_sap_ui_table_RowHighlight_Indication02Color": "#bb0000",
		"_sap_ui_table_RowHighlight_Indication03Color": "#e78c07",
		"_sap_ui_table_RowHighlight_Indication04Color": "#2b7c2b",
		"_sap_ui_table_RowHighlight_Indication05Color": "#427cac",
		"_sap_ui_table_RowSelection_CheckBoxSize": "1rem",
		"_sap_ui_table_RowSelection_CheckBoxSizeCozy": "1.375rem",
		"_sap_ui_table_RowSelection_CheckBoxBorderWidth": "0.125rem",
		"_sap_ui_table_RowSelection_CheckBoxBorderRadius": "0",
		"_sap_ui_table_RowSelection_CheckBoxBorderRadiusCozy": "0.125rem",
		"_sap_ui_table_RowSelection_CheckBoxBorderColor": "#bfbfbf",
		"_sap_ui_table_RowSelection_CheckBoxBorderColorHovered": "#427cac",
		"_sap_ui_table_RowSelection_CheckBoxIconSize": "0.625rem",
		"_sap_ui_table_RowSelection_CheckBoxIconSizeCozy": "1rem",
		"_sap_ui_table_RowSelection_CheckBoxIconColor": "#0ff563",
		"_sap_ui_table_Scrolling_ScrollbarSize": "16px",
		"_sap_ui_table_Scrolling_ScrollbarSizeIE": "18px",
		"_sap_ui_table_Scrolling_ScrollbarSizeEdge": "16px",
		"_sap_ui_table_Scrolling_ScrollbarSizeMobile": "8px",
		"_sap_ui_table_Scrolling_ScrollbarBackground": "#153778",
		"_sap_ui_table_DragDrop_ColumnDnDHighlightColor": "#427cac",
		"_sap_ui_table_DragDrop_ReorderIndicatorWidth": "2px",
		"_sap_ui_table_Grouping_GroupIconHeight": "calc(2rem + .0625rem)",
		"_sap_ui_table_Grouping_GroupIconHeightCozy": "calc(3rem + .0625rem)",
		"_sap_ui_table_Grouping_GroupIconHeightCondensed": "calc(1.5rem + .0625rem)",
		"_sap_ui_table_Grouping_GroupHeaderBackground": "#112d62",
		"_sap_ui_table_Grouping_GroupHeaderFadingWidth": "40px",
		"_sap_ui_table_Grouping_GroupOutlineWidth": "1px",
		"_sap_ui_table_Grouping_GroupIconBorderWidth": ".0625rem",
		"_sap_ui_table_Grouping_GroupIconFontSize": ".875rem",
		"_sap_ui_table_Grouping_TreeIconFontSize": "0.75rem",
		"_sap_ui_table_Grouping_TreeIconFontSizeCozy": "1rem",
		"_sap_ui_table_Grouping_GroupIconHeightForIECalc": "( 2rem + .0625rem )",
		"_sap_ui_table_Grouping_GroupIconHeightCozyForIECalc": "( 3rem + .0625rem )",
		"_sap_ui_table_Grouping_GroupIconHeightCondensedForIECalc": "( 1.5rem + .0625rem )"
	},
	"scopes": {
		"sapContrast": {
			"_sap_ui_table_Table_TableHeaderBorderColor": "#536b80",
			"_sap_ui_table_Row_Color": "#fafafa",
			"_sap_ui_table_Row_ColorHovered": "#fafafa",
			"_sap_ui_table_RowHighlight_SuccessColor": "#abe2ab",
			"_sap_ui_table_RowHighlight_ErrorColor": "#ff8888",
			"_sap_ui_table_RowHighlight_WarningColor": "#fabd64",
			"_sap_ui_table_RowHighlight_InformationColor": "#91c8f6",
			"_sap_ui_table_RowHighlight_Indication01Color": "#ff8888",
			"_sap_ui_table_RowHighlight_Indication02Color": "#ffbbbb",
			"_sap_ui_table_RowHighlight_Indication03Color": "#fabd64",
			"_sap_ui_table_RowHighlight_Indication04Color": "#abe2ab",
			"_sap_ui_table_RowHighlight_Indication05Color": "#91c8f6",
			"_sap_ui_table_RowSelection_CheckBoxBorderColor": "#7891a7",
			"_sap_ui_table_RowSelection_CheckBoxBorderColorHovered": "#91c8f6",
			"_sap_ui_table_RowSelection_CheckBoxIconColor": "#91c8f6",
			"_sap_ui_table_Scrolling_ScrollbarBackground": "#3c4d5c",
			"_sap_ui_table_Grouping_GroupHeaderBackground": "#3b4c5b"
		}
	}
}