{"root":{"sapBrandColor":"#427cac","sapHighlightColor":"#427cac","sapBaseColor":"#032777","sapShellColor":"transparent","sapBackgroundColor":"#274e84","sapFontFamily":"\"72\", \"72full\", Arial, Helvetica, sans-serif","sapFontHeaderFamily":"\"72\", \"72full\", Arial, Helvetica, sans-serif","sapFontSize":".875rem","sapFontSmallSize":".75rem","sapFontLargeSize":"1rem","sapFontHeader1Size":"1.625rem","sapFontHeader2Size":"1.375rem","sapFontHeader3Size":"1.25rem","sapFontHeader4Size":"1.125rem","sapFontHeader5Size":"1rem","sapFontHeader6Size":".875rem","sapTextColor":"#ffffff","sapLinkColor":"#13eff6","sapLink_Hover_Color":"#13eff6","sapLink_Active_Color":"#13eff6","sapLink_Visited_Color":"#13eff6","sapLink_InvertedColor":"#7ed0ff","sapCompanyLogo":"url('../../../Base/baseLib/dark/img/misc/sapCompanyLogo.png')","sapBackgroundImage":"none","sapBackgroundImageOpacity":"1","sapBackgroundImageRepeat":"false","sapSelectedColor":"#0ff563","sapActiveColor":"#427cac","sapHighlightTextColor":"#fff","sapTitleColor":"#ffffff","sapNegativeColor":"#bb0000","sapCriticalColor":"#f48a10","sapPositiveColor":"#25da25","sapInformativeColor":"#427cac","sapNeutralColor":"#ffffff","sapNegativeElementColor":"#bb0000","sapCriticalElementColor":"#f48a10","sapPositiveElementColor":"#25da25","sapInformativeElementColor":"#427cac","sapNeutralElementColor":"#ffffff","sapNegativeTextColor":"#bb0000","sapPositiveTextColor":"#25da25","sapCriticalTextColor":"#f48a10","sapInformativeTextColor":"#427cac","sapNeutralTextColor":"#ffffff","sapNeutralBorderColor":"#ffffff","sapErrorColor":"#e00","sapErrorBorderColor":"#e00","sapWarningColor":"#f6a241","sapWarningBorderColor":"#f6a241","sapSuccessColor":"#51e151","sapSuccessBorderColor":"#51e151","sapInformationColor":"#427cac","sapInformationBorderColor":"#427cac","sapErrorBackground":"#ffe4e4","sapWarningBackground":"#fef8f0","sapSuccessBackground":"#fff","sapInformationBackground":"#ebf2f7","sapNeutralBackground":"#fff","sapIndicationColor_1":"#880000","sapIndicationColor_2":"#bb0000","sapIndicationColor_3":"#e78c07","sapIndicationColor_4":"#2b7c2b","sapIndicationColor_5":"#427cac","sapElement_LineHeight":"3rem","sapElement_Height":"2.5rem","sapElement_BorderWidth":".0625rem","sapElement_BorderCornerRadius":".25rem","sapElement_Compact_LineHeight":"2rem","sapElement_Compact_Height":"1.625rem","sapElement_Condensed_LineHeight":"1.5rem","sapElement_Condensed_Height":"1.375rem","sapContent_LineHeight":"1.4","sapContent_IconHeight":"1rem","sapContent_IconColor":"#edfdfc","sapContent_ContrastIconColor":"#fff","sapContent_NonInteractiveIconColor":"#20cacf","sapContent_MarkerIconColor":"#678bc7","sapContent_MarkerTextColor":"#7febeb","sapContent_ImagePlaceholderBackground":"#02184a","sapContent_ImagePlaceholderForegroundColor":"#042f90","sapContent_RatedColor":"#e09d00","sapContent_UnratedColor":"#a5a5a5","sapContent_FocusColor":"#000","sapContent_FocusStyle":"dotted","sapContent_FocusWidth":".0625rem","sapContent_ContrastFocusColor":"#fff","sapContent_ShadowColor":"rgba(0,0,0, 0)","sapContent_ContrastShadowColor":"rgba(255,255,255, 0)","sapContent_Shadow0":"0 0 0 1px rgba(0,0,0,0.15)","sapContent_Shadow1":"0 .125rem .5rem 0 rgba(0,0,0,0.15),0 0 0 1px rgba(0,0,0,0.15)","sapContent_Shadow2":"0 .625rem 1.875rem 0 rgba(0,0,0,0.15),0 0 0 1px rgba(0,0,0,0.15)","sapContent_Shadow3":"0 1.25rem 5rem 0 rgba(0,0,0,0.15),0 0 0 1px rgba(0,0,0,0.15)","sapContent_TextShadow":"0 0 0.125rem rgba(255,255,255, 0)","sapContent_HeaderShadow":"0 0.125rem 0 0 #1e63a9, inset 0 -0.125rem 0 0 #2477cc","sapContent_SearchHighlightColor":"#d4f7db","sapContent_HelpColor":"#3f8600","sapContent_LabelColor":"#fff","sapContent_MonospaceFontFamily":"lucida console, monospace","sapContent_DisabledTextColor":"rgba(255,255,255,0.5)","sapContent_DisabledOpacity":"0.5","sapContent_ContrastTextThreshold":"0.65","sapContent_ContrastTextColor":"#fff","sapContent_ForegroundColor":"#e5e5e5","sapContent_ForegroundBorderColor":"#bfbfbf","sapContent_ForegroundTextColor":"#fff","sapContent_BadgeBackground":"#c14646","sapContent_DragAndDropActiveColor":"#13eff6","sapShell_Background":"#001d68","sapShell_BackgroundImage":"url('../../../Base/baseLib/dark/img/misc/sapShell_BackgroundImage.png')","sapShell_BackgroundGradient":"url('../../../Base/baseLib/dark/img/misc/sapShell_BackgroundImage.png')","sapShell_BackgroundImageOpacity":"0.53","sapShell_BackgroundImageRepeat":"false","sapShell_BorderColor":"transparent","sapShell_TextColor":"#ffffff","sapShell_InteractiveTextColor":"#ffffff","sapShell_InteractiveBorderColor":"#bfbfbf","sapShell_GroupTitleTextColor":"#ffffff","sapShell_Hover_Background":"#346187","sapShell_Active_Background":"#427cac","sapShell_Active_TextColor":"#fff","sapShell_Selected_Background":"#0ff563","sapShell_Selected_TextColor":"#fff","sapShell_Selected_Hover_Background":"#0ff563","sapShell_Favicon":"none","sapShell_Navigation_Background":"transparent","sapShell_Navigation_SelectedColor":"#ffffff","sapShell_Navigation_Selected_TextColor":"#ffffff","sapShell_Navigation_TextColor":"#ffffff","sapShell_Shadow":"0 0.125rem 0 0 #00164f","sapButton_BorderWidth":".0625rem","sapButton_BorderCornerRadius":".1875rem","sapButton_Background":"#20e9dc","sapButton_BorderColor":"#0a6660","sapButton_TextColor":"#346187","sapButton_Hover_Background":"#16dacd","sapButton_Hover_BorderColor":"#0a6660","sapButton_Hover_TextColor":"#346187","sapButton_IconColor":"#346187","sapButton_Active_Background":"#427cac","sapButton_Active_BorderColor":"#427cac","sapButton_Active_TextColor":"#fff","sapButton_Emphasized_Background":"#5496cd","sapButton_Emphasized_BorderColor":"#408ac7","sapButton_Emphasized_TextColor":"#fff","sapButton_Emphasized_Hover_Background":"#408ac7","sapButton_Emphasized_Hover_BorderColor":"#408ac7","sapButton_Emphasized_Hover_TextColor":"#fff","sapButton_Emphasized_Active_Background":"#427cac","sapButton_Emphasized_Active_BorderColor":"#427cac","sapButton_Emphasized_TextShadow":"rgba(0,0,0,0.5)","sapButton_Accept_Background":"#20e9dc","sapButton_Accept_BorderColor":"#25da25","sapButton_Accept_Hover_Background":"#16dacd","sapButton_Accept_Hover_BorderColor":"#25da25","sapButton_Accept_Hover_TextColor":"#25da25","sapButton_Accept_Active_Background":"#25da25","sapButton_Accept_Active_BorderColor":"#25da25","sapButton_Accept_TextColor":"#25da25","sapButton_Reject_Background":"#20e9dc","sapButton_Reject_BorderColor":"#bb0000","sapButton_Reject_Hover_Background":"#16dacd","sapButton_Reject_Hover_BorderColor":"#bb0000","sapButton_Reject_Hover_TextColor":"#b00","sapButton_Reject_Active_Background":"#bb0000","sapButton_Reject_Active_BorderColor":"#bb0000","sapButton_Reject_TextColor":"#b00","sapButton_Lite_Background":"transparent","sapButton_Lite_BorderColor":"transparent","sapButton_Lite_TextColor":"#346187","sapButton_Lite_Hover_Background":"rgba(12,116,109,0.5)","sapButton_Lite_Hover_BorderColor":"transparent","sapButton_Lite_Hover_TextColor":"#346187","sapButton_Lite_Active_Background":"#427cac","sapButton_Lite_Active_BorderColor":"#427cac","sapButton_Selected_Background":"#08c94f","sapButton_Selected_BorderColor":"#07b045","sapButton_Selected_TextColor":"#fff","sapButton_Selected_Hover_Background":"#0ff563","sapButton_Selected_Hover_BorderColor":"#0ff563","sapField_Background":"#005aa3","sapField_TextColor":"#ffffff","sapField_PlaceholderTextColor":"#fff","sapField_BorderColor":"#bfbfbf","sapField_HelpBackground":"#005aa3","sapField_BorderWidth":".0625rem","sapField_BorderCornerRadius":"0","sapField_Hover_Background":"#005aa3","sapField_Hover_BorderColor":"#427cac","sapField_Hover_HelpBackground":"#427cac","sapField_Active_BorderColor":"#427cac","sapField_Focus_Background":"#005aa3","sapField_Focus_BorderColor":"#bfbfbf","sapField_Focus_HelpBackground":"#005aa3","sapField_ReadOnly_Background":"rgba(0,76,138,0.5)","sapField_ReadOnly_BorderColor":"#ccc","sapField_ReadOnly_HelpBackground":"rgba(0,76,138,0.5)","sapField_RequiredColor":"#c14646","sapField_InvalidColor":"#e00","sapField_InvalidBackground":"#005aa3","sapField_WarningColor":"#f6a241","sapField_WarningBackground":"#005aa3","sapField_SuccessColor":"#51e151","sapField_SuccessBackground":"#005aa3","sapField_InformationColor":"#427cac","sapField_InformationBackground":"#005aa3","sapGroup_TitleBackground":"#0069C8","sapGroup_TitleBorderColor":"#ccc","sapGroup_TitleTextColor":"#fff","sapGroup_ContentBackground":"#29538c","sapGroup_ContentBorderColor":"#20406c","sapGroup_BorderWidth":".0625rem","sapGroup_BorderCornerRadius":"0","sapGroup_FooterBackground":"transparent","sapToolbar_Background":"transparent","sapToolbar_SeparatorColor":"rgba(63,81,97,0.2)","sapList_HeaderBackground":"#153778","sapList_HeaderBorderColor":"#214a97","sapList_HeaderTextColor":"#001d68","sapList_BorderColor":"#214a97","sapList_TextColor":"#fff","sapList_Active_TextColor":"#fff","sapList_BorderWidth":"2px","sapList_Active_Background":"#427cac","sapList_SelectionBackgroundColor":"#001d68","sapList_SelectionBorderColor":"#214a97","sapList_Hover_SelectionBackground":"#002177","sapList_Background":"#153778","sapList_Hover_Background":"#1a4392","sapList_GroupHeaderBackground":"#153778","sapList_GroupHeaderBorderColor":"#18356d","sapList_GroupHeaderTextColor":"#7febeb","sapList_FooterBackground":"#02184a","sapList_FooterTextColor":"#fff","sapList_TableGroupHeaderBackground":"#112d62","sapList_TableGroupHeaderBorderColor":"#18356d","sapList_TableGroupHeaderTextColor":"#fff","sapList_TableFooterBorder":"#18356d","sapList_TableFixedBorderColor":"#060c19","sapScrollBar_FaceColor":"#00e6c8","sapScrollBar_TrackColor":"#80ffee","sapScrollBar_BorderColor":"#00e6c8","sapScrollBar_SymbolColor":"#edfdfc","sapScrollBar_Dimension":".7rem","sapScrollBar_Hover_FaceColor":"#00d7bb","sapPageHeader_Background":"#032777","sapPageHeader_BorderColor":"#021a4f","sapPageHeader_TextColor":"#fff","sapPageFooter_Background":"#ffffff","sapPageFooter_BorderColor":"#ebebeb","sapPageFooter_TextColor":"#fff","sapInfobar_Background":"#168282","sapInfobar_Hover_Background":"#147575","sapInfobar_Active_Background":"#427cac","sapObjectHeader_Background":"#1e63a9","sapObjectHeader_BorderColor":"#2477cc","sapBlockLayer_Background":"#000","sapTile_Background":"#2962a8","sapTile_Hover_Background":"#2c69b4","sapTile_Active_Background":"#2c69b4","sapTile_BorderColor":"rgba(255,255,255, 0)","sapTile_TitleTextColor":"#fff","sapTile_TextColor":"rgba(255,255,255, 0.73)","sapTile_IconColor":"rgba(30,204,193, 0.92)","sapAccentColor1":"#e09d00","sapAccentColor2":"#e6600d","sapAccentColor3":"#c14646","sapAccentColor4":"#ab218e","sapAccentColor5":"#678bc7","sapAccentColor6":"#0092d1","sapAccentColor7":"#1a9898","sapAccentColor8":"#759421","sapAccentColor9":"#925ace","sapAccentColor10":"#647987","sapLegendColor1":"#ad7900","sapLegendColor2":"#dc5c0c","sapLegendColor3":"#c14646","sapLegendColor4":"#853808","sapLegendColor5":"#da3fb9","sapLegendColor6":"#008bc7","sapLegendColor7":"#198f8f","sapLegendColor8":"#6e8c1f","sapLegendColor9":"#648796","sapLegendColor10":"#80196a","sapLegendColor11":"#6f5925","sapLegendColor12":"#b64600","sapLegendColor13":"#d61818","sapLegendColor14":"#976c52","sapLegendColor15":"#73596d","sapLegendColor16":"#5d759e","sapLegendColor17":"#466c6c","sapLegendColor18":"#626b4a","sapLegendColor19":"#284d5d","sapLegendColor20":"#1851b0","sapChart_OrderedColor_1":"#5899da","sapChart_OrderedColor_2":"#e8743b","sapChart_OrderedColor_3":"#19a979","sapChart_OrderedColor_4":"#ed4a7b","sapChart_OrderedColor_5":"#945ecf","sapChart_OrderedColor_6":"#13a4b4","sapChart_OrderedColor_7":"#525df4","sapChart_OrderedColor_8":"#bf399e","sapChart_OrderedColor_9":"#6c8893","sapChart_OrderedColor_10":"#ee6868","sapChart_OrderedColor_11":"#2f6497","sapChart_Bad":"#dc0d0e","sapChart_Critical":"#de890d","sapChart_Good":"#3fa45b","sapChart_Neutral":"#848f94","sapChart_Sequence_1":"#5899da","sapChart_Sequence_2":"#e8743b","sapChart_Sequence_3":"#19a979","sapChart_Sequence_4":"#ed4a7b","sapChart_Sequence_5":"#945ecf","sapChart_Sequence_6":"#13a4b4","sapChart_Sequence_7":"#525df4","sapChart_Sequence_8":"#bf399e","sapChart_Sequence_9":"#6c8893","sapChart_Sequence_10":"#ee6868","sapChart_Sequence_11":"#2f6497","sapChart_Sequence_Neutral":"#848f94","sapFontUrl_SAP-icons_ttf":"url('../../../Base/baseLib/sap_belize/fonts/SAP-icons.ttf')","sapFontUrl_SAP-icons_woff":"url('../../../Base/baseLib/sap_belize/fonts/SAP-icons.woff')","sapFontUrl_SAP-icons_woff2":"url('../../../Base/baseLib/sap_belize/fonts/SAP-icons.woff2')"}}