{
	"default": {
		"sapCaUiChartSemanticColor-Neutral-Dark": "#6b757a",
		"sapCaUiChartSemanticColor-Neutral": "#848f94",
		"sapCaUiChartSemanticColor-Neutral-Light": "#9fa8ac",
		"sapCaUiChartSemanticColor-Good-Dark": "#317f47",
		"sapCaUiChartSemanticColor-Good": "#3fa45b",
		"sapCaUiChartSemanticColor-Good-Light": "#57bf74",
		"sapCaUiChartSemanticColor-Critical-Dark": "#ae6b0a",
		"sapCaUiChartSemanticColor-Critical": "#de890d",
		"sapCaUiChartSemanticColor-Critical-Light": "#f3a22b",
		"sapCaUiChartSemanticColor-Bad-Dark": "#ac0a0b",
		"sapCaUiChartSemanticColor-Bad": "#dc0d0e",
		"sapCaUiChartSemanticColor-Bad-Light": "#f22a2b",
		"sapCaUiChartBackgroundColor": "#29538c",
		"sapCaUiChartAxisStroke": "#e5e5e5",
		"sapCaUiChartAxisGridlineColor": "#e5e5e5",
		"sapCaUiChartBackgroundStroke": "#e5e5e5",
		"sapCaUiChartFontFamily": "\"72\", \"72full\", Arial, Helvetica, sans-serif",
		"sapCaUiChartFontSize": ".75rem",
		"sapCaUiChartAxisFontSize": ".75rem",
		"sapCaUiChartFontColor": "#ffffff",
		"sapCaUiChartFontWeight": "normal",
		"sapCaUiChartDataLabelShadow": "0px 0px 5px rgba(255,255,255,0.5)",
		"sapCaUiChartToolBarBackground": "transparent",
		"sapCaUiChartToolBarFullscreenBackground": "transparent",
		"sapCaUiChartToolBarTitleShadow": "#fff",
		"sapCaUiChartToolBarTitleFontFamily": "\"72\", \"72full\", Arial, Helvetica, sans-serif",
		"sapCaUiChartToolBarTitleFontSize": ".875rem",
		"sapCaUiChartToolBarTitleFontWeight": "normal",
		"sapCaUiChartToolBarTitleFontColor": "#fff",
		"sapCaUiChartPopoverItemFontFamily": "\"72\", \"72full\", Arial, Helvetica, sans-serif",
		"sapCaUiChartPopoverItemFontSize": ".875rem",
		"sapCaUiChartPopoverItemFontColor": "#ffffff",
		"sapCaUiChartPopoverItemFontWeight": "normal",
		"sapCaUiChartPopoverGroupFontFamily": "\"72\", \"72full\", Arial, Helvetica, sans-serif",
		"sapCaUiChartPopoverGroupFontSize": ".875rem",
		"sapCaUiChartPopoverGroupFontColor": "#ffffff",
		"sapCaUiChartPopoverGroupFontWeight": "bold",
		"sapCaUiChartPopoverCloseIconSize": "38px",
		"sapCaUiChartTitleColor": "#ffffff",
		"sapCaUiChartTitleFontFamily": "\"72\", \"72full\", Arial, Helvetica, sans-serif",
		"sapCaUiChartTitleFontSize": "1rem",
		"sapCaUiChartPopoverCloseIcon": "decline",
		"sapCaUiChartPopoverCloseIconColor": "#edfdfc",
		"sapCaUiChartToolBarIconColor": "#edfdfc",
		"sapCaUiChartToolBarActiveIconColor": "#427cac",
		"sapCaUiChartToolBarIconSize": "1.375rem"
	},
	"scopes": {
		"sapContrast": {
			"sapCaUiChartSemanticColor-Neutral-Dark": "#828f96",
			"sapCaUiChartSemanticColor-Neutral": "#9ea8ad",
			"sapCaUiChartSemanticColor-Neutral-Light": "#bac1c4",
			"sapCaUiChartSemanticColor-Good-Dark": "#45b765",
			"sapCaUiChartSemanticColor-Good": "#69c683",
			"sapCaUiChartSemanticColor-Good-Light": "#8ed4a2",
			"sapCaUiChartSemanticColor-Critical-Dark": "#f19714",
			"sapCaUiChartSemanticColor-Critical": "#f4ac44",
			"sapCaUiChartSemanticColor-Critical-Light": "#f7c174",
			"sapCaUiChartSemanticColor-Bad-Dark": "#f22526",
			"sapCaUiChartSemanticColor-Bad": "#f55556",
			"sapCaUiChartSemanticColor-Bad-Light": "#f88586",
			"sapCaUiChartBackgroundColor": "#3f5161",
			"sapCaUiChartAxisStroke": "#999",
			"sapCaUiChartAxisGridlineColor": "#999",
			"sapCaUiChartBackgroundStroke": "#999",
			"sapCaUiChartFontColor": "#fafafa",
			"sapCaUiChartToolBarTitleFontColor": "#c3d7e8",
			"sapCaUiChartPopoverItemFontColor": "#fafafa",
			"sapCaUiChartPopoverGroupFontColor": "#fafafa",
			"sapCaUiChartTitleColor": "#fafafa",
			"sapCaUiChartPopoverCloseIconColor": "#cae4fb",
			"sapCaUiChartToolBarIconColor": "#cae4fb",
			"sapCaUiChartToolBarActiveIconColor": "#91c8f6"
		}
	}
}