{
	"default": {
		"_sap_ui_ux3_FeedChunk_PersonPlaceholder": "url(\"../../../../../../UI5/sap/ui/ux3/themes/base/img/feed/person_placeholder_48.png\")",
		"_sap_ui_ux3_Feeder_PersonPlaceholder": "url(\"../../../../../../UI5/sap/ui/ux3/themes/base/img/feed/person_placeholder_48.png\")",
		"_sap_ui_ux3_Feed_ToolsIconUrl": "url(\"../../../../../../UI5/sap/ui/ux3/themes/sap_belize/img/feed/Action_Menu_regular.png\")",
		"_sap_ui_ux3_Feed_ToolsIconHoverUrl": "url(\"../../../../../../UI5/sap/ui/ux3/themes/sap_belize/img/feed/Action_Menu_hover.png\")"
	},
	"scopes": {
		"sapContrast": {}
	}
}